<?xml version="1.0" encoding="UTF-8"?>
<BaliMessageLog>
    <Task name="Map">
        <Message>
            <ID>1166064</ID>
            <Severity>Warning</Severity>
            <Dynamic>input</Dynamic>
            <Dynamic>aButtons[3]</Dynamic>
        </Message>
        <Message>
            <ID>51001046</ID>
            <Severity>Warning</Severity>
            <Dynamic>aButtons[3:0](3)</Dynamic>
        </Message>
    </Task>
    <Task name="Lattice_Synthesis">
        <Message>
            <ID>35002000</ID>
            <Severity>Info</Severity>
        </Message>
        <Message>
            <ID>35001781</ID>
            <Severity>Info</Severity>
        </Message>
        <Message>
            <ID>35921504</ID>
            <Severity>Info</Severity>
            <Dynamic></Dynamic>
            <Dynamic>/home/hukovpet/Lattice/PWM2/impl1</Dynamic>
        </Message>
        <Message>
            <ID>35921012</ID>
            <Severity>Info</Severity>
            <Dynamic>/home/hukovpet/Lattice/PWM2/Clk38M.vhd(9): </Dynamic>
            <Dynamic>clk38m</Dynamic>
            <Navigation>/home/hukovpet/Lattice/PWM2/Clk38M.vhd</Navigation>
            <Navigation>9</Navigation>
        </Message>
        <Message>
            <ID>35921010</ID>
            <Severity>Info</Severity>
            <Dynamic>/home/hukovpet/Lattice/PWM2/Clk38M.vhd(13): </Dynamic>
            <Dynamic>rtl</Dynamic>
            <Navigation>/home/hukovpet/Lattice/PWM2/Clk38M.vhd</Navigation>
            <Navigation>13</Navigation>
        </Message>
        <Message>
            <ID>35921012</ID>
            <Severity>Info</Severity>
            <Dynamic>/home/hukovpet/Lattice/PWM2/PWM.vhd(5): </Dynamic>
            <Dynamic>pwm</Dynamic>
            <Navigation>/home/hukovpet/Lattice/PWM2/PWM.vhd</Navigation>
            <Navigation>5</Navigation>
        </Message>
        <Message>
            <ID>35921010</ID>
            <Severity>Info</Severity>
            <Dynamic>/home/hukovpet/Lattice/PWM2/PWM.vhd(11): </Dynamic>
            <Dynamic>rtl</Dynamic>
            <Navigation>/home/hukovpet/Lattice/PWM2/PWM.vhd</Navigation>
            <Navigation>11</Navigation>
        </Message>
        <Message>
            <ID>35921012</ID>
            <Severity>Info</Severity>
            <Dynamic>/home/hukovpet/Lattice/PWM2/DoubleSync.vhd(4): </Dynamic>
            <Dynamic>doublesync</Dynamic>
            <Navigation>/home/hukovpet/Lattice/PWM2/DoubleSync.vhd</Navigation>
            <Navigation>4</Navigation>
        </Message>
        <Message>
            <ID>35921010</ID>
            <Severity>Info</Severity>
            <Dynamic>/home/hukovpet/Lattice/PWM2/DoubleSync.vhd(10): </Dynamic>
            <Dynamic>rtl</Dynamic>
            <Navigation>/home/hukovpet/Lattice/PWM2/DoubleSync.vhd</Navigation>
            <Navigation>10</Navigation>
        </Message>
        <Message>
            <ID>35921012</ID>
            <Severity>Info</Severity>
            <Dynamic>/home/hukovpet/Lattice/PWM2/Debounce.vhd(4): </Dynamic>
            <Dynamic>debounce</Dynamic>
            <Navigation>/home/hukovpet/Lattice/PWM2/Debounce.vhd</Navigation>
            <Navigation>4</Navigation>
        </Message>
        <Message>
            <ID>35921010</ID>
            <Severity>Info</Severity>
            <Dynamic>/home/hukovpet/Lattice/PWM2/Debounce.vhd(11): </Dynamic>
            <Dynamic>rtl</Dynamic>
            <Navigation>/home/hukovpet/Lattice/PWM2/Debounce.vhd</Navigation>
            <Navigation>11</Navigation>
        </Message>
        <Message>
            <ID>35921012</ID>
            <Severity>Info</Severity>
            <Dynamic>/home/hukovpet/Lattice/PWM2/ReDetect.vhd(4): </Dynamic>
            <Dynamic>redetect</Dynamic>
            <Navigation>/home/hukovpet/Lattice/PWM2/ReDetect.vhd</Navigation>
            <Navigation>4</Navigation>
        </Message>
        <Message>
            <ID>35921010</ID>
            <Severity>Info</Severity>
            <Dynamic>/home/hukovpet/Lattice/PWM2/ReDetect.vhd(10): </Dynamic>
            <Dynamic>rtl</Dynamic>
            <Navigation>/home/hukovpet/Lattice/PWM2/ReDetect.vhd</Navigation>
            <Navigation>10</Navigation>
        </Message>
        <Message>
            <ID>35921012</ID>
            <Severity>Info</Severity>
            <Dynamic>/home/hukovpet/Lattice/PWM2/Buttons.vhd(4): </Dynamic>
            <Dynamic>buttons</Dynamic>
            <Navigation>/home/hukovpet/Lattice/PWM2/Buttons.vhd</Navigation>
            <Navigation>4</Navigation>
        </Message>
        <Message>
            <ID>35921010</ID>
            <Severity>Info</Severity>
            <Dynamic>/home/hukovpet/Lattice/PWM2/Buttons.vhd(12): </Dynamic>
            <Dynamic>struct</Dynamic>
            <Navigation>/home/hukovpet/Lattice/PWM2/Buttons.vhd</Navigation>
            <Navigation>12</Navigation>
        </Message>
        <Message>
            <ID>35921012</ID>
            <Severity>Info</Severity>
            <Dynamic>/home/hukovpet/Lattice/PWM2/BcdDec.vhd(4): </Dynamic>
            <Dynamic>bcddec</Dynamic>
            <Navigation>/home/hukovpet/Lattice/PWM2/BcdDec.vhd</Navigation>
            <Navigation>4</Navigation>
        </Message>
        <Message>
            <ID>35921010</ID>
            <Severity>Info</Severity>
            <Dynamic>/home/hukovpet/Lattice/PWM2/BcdDec.vhd(10): </Dynamic>
            <Dynamic>rtl</Dynamic>
            <Navigation>/home/hukovpet/Lattice/PWM2/BcdDec.vhd</Navigation>
            <Navigation>10</Navigation>
        </Message>
        <Message>
            <ID>35921012</ID>
            <Severity>Info</Severity>
            <Dynamic>/home/hukovpet/Lattice/PWM2/PWM_Top.vhd(31): </Dynamic>
            <Dynamic>pwm_top</Dynamic>
            <Navigation>/home/hukovpet/Lattice/PWM2/PWM_Top.vhd</Navigation>
            <Navigation>31</Navigation>
        </Message>
        <Message>
            <ID>35921010</ID>
            <Severity>Info</Severity>
            <Dynamic>/home/hukovpet/Lattice/PWM2/PWM_Top.vhd(37): </Dynamic>
            <Dynamic>rtl</Dynamic>
            <Navigation>/home/hukovpet/Lattice/PWM2/PWM_Top.vhd</Navigation>
            <Navigation>37</Navigation>
        </Message>
        <Message>
            <ID>35921205</ID>
            <Severity>Warning</Severity>
            <Dynamic>/home/hukovpet/Lattice/PWM2/PWM_Top.vhd(35): </Dynamic>
            <Dynamic>PWM_Top</Dynamic>
            <Dynamic>RTL</Dynamic>
            <Navigation>/home/hukovpet/Lattice/PWM2/PWM_Top.vhd</Navigation>
            <Navigation>35</Navigation>
        </Message>
        <Message>
            <ID>35002005</ID>
            <Severity>Warning</Severity>
            <Dynamic>aButtons[3]</Dynamic>
        </Message>
        <Message>
            <ID>35002005</ID>
            <Severity>Warning</Severity>
            <Dynamic>aButtons[3]</Dynamic>
        </Message>
        <Message>
            <ID>35001611</ID>
            <Severity>Warning</Severity>
        </Message>
        <Message>
            <ID>1166052</ID>
            <Severity>Warning</Severity>
            <Dynamic>logical</Dynamic>
            <Dynamic>aButtons[3]</Dynamic>
            <Navigation>aButtons[3]</Navigation>
        </Message>
        <Message>
            <ID>1166064</ID>
            <Severity>Warning</Severity>
            <Dynamic>input</Dynamic>
            <Dynamic>aButtons[3]</Dynamic>
        </Message>
        <Message>
            <ID>1163101</ID>
            <Severity>Warning</Severity>
            <Dynamic>2</Dynamic>
        </Message>
    </Task>
</BaliMessageLog>